{"cameraMode":{"drawMode":0,"name":"Shaded","section":"Shading Mode"},"sceneLighting":true,"audioPlay":false,"sceneViewState":{"showFog":true,"showMaterialUpdate":false,"showSkybox":true,"showFlares":true,"showImageEffects":true,"showParticleSystems":true},"in2DMode":false,"pivot":{"x":544.0598754882813,"y":369.1717529296875,"z":2966.32177734375},"rotation":{"x":-0.07972434908151627,"y":-0.003890061052516103,"z":0.00031121083884499967,"w":-0.9968103766441345},"size":2710.146728515625,"orthographic":false}